{
  "schema_version": 1,
  "created_at": "2026-03-28T23:26:21.314990+00:00",
  "config": {
    "case_id": "example-case",
    "track_ref": "dummy_track",
    "episode_count": 2,
    "eval_seeds": null,
    "run_a_world_model_ref": "dummy.pth",
    "run_b_world_model_ref": "dummy.pth",
    "run_a_planner_ref": "",
    "run_b_planner_ref": "",
    "adapter_name": "dummy"
  },
  "episodes_a": [
    {
      "episode_id": "ep_0000",
      "steps": [
        {
          "obs": {
            "aux": [
              0.0,
              0.1,
              0.2,
              0.30000000000000004,
              0.4,
              0.5,
              0.6000000000000001,
              0.7000000000000001,
              0.8,
              0.9,
              1.0,
              1.1,
              1.2000000000000002,
              1.3,
              1.4000000000000001,
              1.5
            ]
          },
          "action": [
            0.1,
            0.8,
            0.0
          ],
          "car_state": {
            "velocity": 10.0,
            "theta": 0.0,
            "x": 0.0,
            "y": 0.0
          },
          "track_progress": 0.0,
          "reward": 1.0,
          "done": false,
          "info": {}
        },
        {
          "obs": {
            "aux": [
              0.0,
              0.1,
              0.2,
              0.30000000000000004,
              0.4,
              0.5,
              0.6000000000000001,
              0.7000000000000001,
              0.8,
              0.9,
              1.0,
              1.1,
              1.2000000000000002,
              1.3,
              1.4000000000000001,
              1.5
            ]
          },
          "action": [
            0.2,
            0.7,
            0.0
          ],
          "car_state": {
            "velocity": 12.0,
            "theta": 0.1,
            "x": 1.0,
            "y": 0.1
          },
          "track_progress": 0.5,
          "reward": 1.5,
          "done": false,
          "info": {}
        },
        {
          "obs": {
            "aux": [
              0.0,
              0.1,
              0.2,
              0.30000000000000004,
              0.4,
              0.5,
              0.6000000000000001,
              0.7000000000000001,
              0.8,
              0.9,
              1.0,
              1.1,
              1.2000000000000002,
              1.3,
              1.4000000000000001,
              1.5
            ]
          },
          "action": [
            0.15,
            0.75,
            0.0
          ],
          "car_state": {
            "velocity": 11.0,
            "theta": 0.05,
            "x": 2.0,
            "y": 0.2
          },
          "track_progress": 0.95,
          "reward": 2.0,
          "done": true,
          "info": {}
        }
      ],
      "total_steps": 3,
      "final_track_progress": 0.95,
      "total_reward": 4.5,
      "termination": null,
      "fastest_lap_time": null,
      "lap_count": 0
    },
    {
      "episode_id": "ep_0001",
      "steps": [
        {
          "obs": {
            "aux": [
              0.0,
              0.1,
              0.2,
              0.30000000000000004,
              0.4,
              0.5,
              0.6000000000000001,
              0.7000000000000001,
              0.8,
              0.9,
              1.0,
              1.1,
              1.2000000000000002,
              1.3,
              1.4000000000000001,
              1.5
            ]
          },
          "action": [
            0.3,
            0.6,
            0.0
          ],
          "car_state": {
            "velocity": 10.0,
            "theta": 0.0,
            "x": 0.0,
            "y": 0.0
          },
          "track_progress": 0.0,
          "reward": 1.0,
          "done": false,
          "info": {}
        },
        {
          "obs": {
            "aux": [
              0.0,
              0.1,
              0.2,
              0.30000000000000004,
              0.4,
              0.5,
              0.6000000000000001,
              0.7000000000000001,
              0.8,
              0.9,
              1.0,
              1.1,
              1.2000000000000002,
              1.3,
              1.4000000000000001,
              1.5
            ]
          },
          "action": [
            0.5,
            0.4,
            0.1
          ],
          "car_state": {
            "velocity": 8.0,
            "theta": 0.3,
            "x": 0.5,
            "y": 0.5
          },
          "track_progress": 0.3,
          "reward": 0.5,
          "done": false,
          "info": {}
        },
        {
          "obs": {
            "aux": [
              0.0,
              0.1,
              0.2,
              0.30000000000000004,
              0.4,
              0.5,
              0.6000000000000001,
              0.7000000000000001,
              0.8,
              0.9,
              1.0,
              1.1,
              1.2000000000000002,
              1.3,
              1.4000000000000001,
              1.5
            ]
          },
          "action": [
            0.6,
            0.3,
            0.2
          ],
          "car_state": {
            "velocity": 5.0,
            "theta": 0.5,
            "x": 0.6,
            "y": 0.8
          },
          "track_progress": 0.4,
          "reward": 0.0,
          "done": true,
          "info": {
            "termination": "off_track",
            "offtrack_steps": 5
          }
        }
      ],
      "total_steps": 3,
      "final_track_progress": 0.4,
      "total_reward": 1.5,
      "termination": "off_track",
      "fastest_lap_time": null,
      "lap_count": 0
    }
  ],
  "episodes_b": [
    {
      "episode_id": "ep_0000",
      "steps": [
        {
          "obs": {
            "aux": [
              0.0,
              0.1,
              0.2,
              0.30000000000000004,
              0.4,
              0.5,
              0.6000000000000001,
              0.7000000000000001,
              0.8,
              0.9,
              1.0,
              1.1,
              1.2000000000000002,
              1.3,
              1.4000000000000001,
              1.5
            ]
          },
          "action": [
            0.1,
            0.9,
            0.0
          ],
          "car_state": {
            "velocity": 11.0,
            "theta": 0.0,
            "x": 0.0,
            "y": 0.0
          },
          "track_progress": 0.0,
          "reward": 1.2,
          "done": false,
          "info": {}
        },
        {
          "obs": {
            "aux": [
              0.0,
              0.1,
              0.2,
              0.30000000000000004,
              0.4,
              0.5,
              0.6000000000000001,
              0.7000000000000001,
              0.8,
              0.9,
              1.0,
              1.1,
              1.2000000000000002,
              1.3,
              1.4000000000000001,
              1.5
            ]
          },
          "action": [
            0.15,
            0.85,
            0.0
          ],
          "car_state": {
            "velocity": 13.0,
            "theta": 0.05,
            "x": 1.2,
            "y": 0.1
          },
          "track_progress": 0.6,
          "reward": 2.0,
          "done": false,
          "info": {}
        },
        {
          "obs": {
            "aux": [
              0.0,
              0.1,
              0.2,
              0.30000000000000004,
              0.4,
              0.5,
              0.6000000000000001,
              0.7000000000000001,
              0.8,
              0.9,
              1.0,
              1.1,
              1.2000000000000002,
              1.3,
              1.4000000000000001,
              1.5
            ]
          },
          "action": [
            0.12,
            0.88,
            0.0
          ],
          "car_state": {
            "velocity": 12.5,